country,PC1,PC2,PC3,PC4,PC5,PC6,PC7,PC8,PC9,PC10,PC11,PC12,PC13,PC14,PC15,PC16,PC17,PC18,PC19,PC20,PC21,PC22,PC23,PC24,PC25,PC26,PC27,PC28,PC29,PC30
Afghanistan,6.609698157,-0.6974181931,1.8978039945,-3.6935645325,-1.6402803124,3.5752354128,-0.780359936,-1.5819158128,3.982901732,-0.8226296831,1.5863665229,2.0984878766,2.6367200771,0.7013724879,-0.2421938314,0.2458378607,-1.1570984434,-0.893316378,-1.0298289777,0.5453033371,0.0960852472,0.6854561953,0.8937271428,1.4750986349,0.1708964352,-0.511269876,0.4224390325,-0.4959765531,0.7900043156,0.9092672335
Algeria,4.1700174879,2.7829875143,-4.2214538258,-0.3055088215,1.4910911666,2.3595985282,0.9813144591,-0.2480461506,2.3352135451,0.6908788664,-0.6791742292,-1.1738726535,0.437005732,0.5114619146,0.1214005241,0.0960060719,0.7514321101,1.1263480795,-0.4570900913,-0.7466731998,-0.0144663915,-0.5604326549,0.0479140882,-0.5539849483,-0.8654641606,-0.6957262216,-0.2091177368,-0.1365614527,-0.1932701642,0.049596641
Angola,2.5181656032,-1.1294904346,2.5867985049,-1.70683127,1.5690580487,0.2196528774,0.4751225987,1.0703875831,-0.0707629324,3.2847164334,-2.6828199391,3.5152343645,2.4283329827,-0.2327120035,1.0406115789,2.0337077671,-1.4499808893,0.0998946822,-0.4933418807,-0.1088056045,2.2620496329,0.2424049879,1.6942488092,0.9724045655,-1.9784286982,-2.294829066,0.8275615447,0.0165453428,-0.809659132,-0.0712797259
Argentina,-3.275988872,-2.6742292663,-1.2903000387,0.5652830702,0.142303241,-0.6068710437,0.5310528554,0.5601360593,-0.9207862539,-0.9533129442,-1.0589253755,0.9642057448,-0.6638398272,-0.9891134957,0.8125877215,1.1172299192,0.2308097875,0.5358018561,0.561665413,-1.8360375362,1.4352048577,-0.3626929511,-0.0432830548,-0.2275651119,0.3658546631,0.7276090987,0.4086887712,-0.2471461429,0.0442126805,0.8591234197
Bangladesh,5.2147731497,2.9222492239,-1.8151371003,1.8215335526,3.039887622,2.7080279185,-1.6659572843,-0.0523779003,1.0358299329,-0.0051738832,2.0242521517,-0.8192080799,1.1810821129,0.4597636048,-0.704884123,0.3085193925,0.1432991766,0.1844215648,1.7252435628,-0.042090791,-1.1516087679,-1.1167640466,1.4039605432,0.2561828029,0.0103812353,0.4061728625,1.0191216814,-0.6735429132,-0.6012598726,0.2825515759
Benin,4.4823839401,-3.6027996299,0.7229599645,0.1747953561,1.9682644787,1.7610659972,-1.2543698603,3.2526329031,1.0392603765,-3.2319529247,2.3603990201,-0.2971343768,1.9654984487,0.3265469146,-0.3407943562,2.3788032122,0.4068260948,0.698965828,0.1704404405,-1.2535620863,0.433739307,0.5474400477,-0.3946509445,0.5349828336,-1.1434585614,0.5624513856,0.6680453905,0.2259488598,-1.5655646277,-1.0951951563
Bolivia,0.9493913641,-1.6353257996,-2.2198152355,-0.0074305079,0.1401350641,-1.3752106894,-0.838855068,-0.212834581,0.0242161066,-1.1083700723,-0.4186323188,1.2565915085,-0.2530443501,0.554163991,0.5678703776,-0.5658032672,1.4021332193,-0.0866283608,-0.4418336484,0.3867960938,-0.2101263239,-0.4137502721,0.033902162,-0.3135125997,0.1602711369,-0.8944117996,0.4162959315,-1.1782159865,-0.600848588,0.2094786782
Botswana,2.0848188404,-3.7734278823,-0.7068358977,0.3127924085,-0.2782630224,0.0466305505,0.488975151,-0.0320712796,2.3341197219,0.4357954879,-0.2769334808,-0.9345849094,-0.8807482539,1.4652905517,-0.1470698155,1.3850749625,-0.3365863669,-0.2855388874,-0.0319353091,-0.0391770074,-0.4477617648,0.429814344,0.0261591635,-1.0916869697,1.89733473,0.1892914467,0.5843179387,1.1773044178,-0.1105022697,1.0555042286
Brazil,-2.3084697558,-1.0418175042,-0.9122224384,0.5797727006,-0.8477561761,-1.348288633,0.0214639638,0.2452803995,0.614503823,-1.5339364172,-1.2538434458,-0.2021010775,-0.1479531124,-0.7556995455,0.2835253479,-0.7529088766,0.6404778846,-0.0362048647,0.6092281102,0.4430485948,0.4845307895,0.5862721774,0.1612775794,0.2544266725,0.0917367542,0.1231436846,0.7089371666,-0.7739974286,-0.3418630522,0.8009757772
Burkina Faso,7.1259126025,-2.0171649565,2.6498441224,1.3752413934,0.7837482853,2.2606149331,1.5173631449,1.1856757284,1.6780153796,-0.0566633814,-0.4410282418,-0.0315148917,-0.9689727917,-0.9304075277,-0.4786213844,1.7267396602,0.2120493964,-0.2543447062,2.3817437945,0.2308867255,0.2717091712,0.0946760109,-0.2544357871,-0.5652690875,1.9870511183,-0.8406696163,0.4265853708,-1.0440801684,-0.4643258837,0.2747550559
Burundi,9.8222128857,-0.9614606596,0.9324919628,0.197039831,1.4985999087,2.2723481865,1.5573022642,-0.9831349254,-4.355302248,-4.1435281413,1.0600622713,-1.3374326441,1.9439142438,1.6038998062,3.2857729052,-1.890091914,-1.5022479948,1.582059408,0.3691287297,0.3932100333,-0.0586251486,0.4203276981,0.5419227616,-0.9743184852,-0.3546914942,0.1092738453,0.1440332295,1.5996254252,1.5026531161,0.2897347355
Cambodia,5.2020209797,0.6208012204,-1.3191918272,1.2975783221,0.9190689029,-1.8686189911,-1.3362443354,-2.4205279403,-1.2272255134,-0.896146134,1.7593675774,3.0667667723,-0.8607755512,-0.2310063144,0.0376347466,0.5164694844,-0.1199743357,-0.380417776,0.2729217654,1.1482341865,-0.104704878,0.1623396095,-0.8975267186,0.16502155,0.6617834539,-1.3622192015,0.2324566356,0.2246176178,-0.247046652,1.1008774905
Cameroon,6.6952095836,-0.2500468481,-1.1811462989,1.1788223667,0.6306699388,0.7396599883,-0.5604807931,0.0017442101,-0.5742497309,-0.4806386129,0.2148228395,0.1961153126,-0.0509530393,0.3642373756,0.6277342419,-0.6886022954,-0.5086887904,-0.5708945449,0.4853643806,-0.2485360997,-0.0021183762,-1.092277382,0.1052047893,0.6373352214,0.1312461992,0.3349599873,-0.5939358475,-0.9769881158,0.1029359278,-0.788462168
Central African Republic,9.0264107614,-4.332147319,7.4525217582,0.2485462246,-4.2523133937,1.9992755812,2.8374937618,0.4977986629,-1.1088372942,-0.3423877919,-0.0996065618,-2.2470536399,0.0200219373,-0.8454597355,-0.4068045244,-1.4287442898,-1.9027104458,0.9006181793,0.7823434446,-0.4464324027,1.191236054,0.3003375795,1.1809267001,-0.8405748843,-0.5447770517,-1.1226448365,1.0943123199,-0.3403208131,-1.0288791129,1.0144152772
Chad,11.6251599543,-1.2611193278,0.7839799627,-1.354021065,0.8662073878,0.8874805729,0.6231756715,1.7225119697,0.188807179,0.2406211891,-0.0032954144,-2.1895133393,0.7734655585,0.7785384449,0.1428164016,-1.2192885876,2.1312010666,-1.0331665478,-0.1073464617,-0.145036833,-0.2982256768,-1.0331505176,-0.5225568312,0.4230839243,-0.3812354087,-0.6272979605,-0.9299177006,-0.7280556221,-1.2569317961,0.1754078616
China,-1.1076648865,7.3185289487,-0.4046974512,2.7012673943,0.3007554318,-1.735010981,-1.8463670316,0.7956643781,-2.1540382053,0.7744394209,0.3007284922,-1.7574580673,-0.7068698995,0.0007524319,-1.9661242212,-0.2344241111,0.1741034982,-0.9601418021,-1.7153092644,1.2877769171,1.2186298561,0.4826144269,0.1219974404,0.362983678,-0.5370926756,0.1473269823,1.036313592,-0.1958710947,-1.6469268,0.1064230336
Colombia,0.1355485312,-1.1592928055,-1.4111129856,1.5412389898,-2.9115481453,-1.0868306059,0.4399045335,-0.6196301683,0.6279441926,0.5116132997,-0.2921062449,0.3038853404,0.6185183411,0.9909248597,0.3893356446,-1.0463993419,0.1020965087,-0.1789470866,0.5042156021,-0.2784242339,-0.5334322978,0.1121265468,-0.1015162573,0.0544673845,0.3035613752,-0.4081458709,0.8097794835,0.0657648271,-0.9356911722,0.0024002406
Republic of the Congo,7.0599867396,1.4111063195,4.4687885692,1.4325234859,-1.6062157793,1.3045135994,0.3594527496,-2.1237469028,-1.5303123944,1.856842291,1.076561404,0.3068407217,-0.9003844275,-1.2031765766,0.3671930058,0.3817172106,-0.3156110874,-1.1366156529,-0.8567976318,-1.5166667779,-0.3968441354,-0.5911051098,-0.0194793394,0.2316724439,-0.2275067676,-0.0743285209,0.4872152718,-0.7577674942,2.0869551685,-0.024199612
Costa Rica,-2.4527724335,-3.3404155304,0.896724306,0.9399683483,-0.1911288621,-0.8013234675,-0.0750493817,-1.3992929211,1.7178313072,0.9520902717,0.4047376821,-1.3652866519,-0.1889654921,-0.6252378368,-1.2927825664,0.8664130626,-0.5019631676,0.0625647383,0.1312307981,-0.3628485705,0.2776274658,0.8535987452,0.1163639703,0.0603499212,0.3807675484,-0.4093218831,1.1128541324,0.634115378,-0.3955542827,0.0240494261
Ivory Coast,3.9637339066,-2.0964532753,-0.8057599888,0.4035980264,-0.6508229142,-0.7099416823,0.89911972,2.7373942511,1.5042790263,0.688610116,-0.6592907399,-0.0593460346,0.7674454299,-0.853078552,0.7645712078,1.2344987219,-0.3728503359,-1.2608357524,-0.5549981387,-0.5478836779,0.1736516824,-0.011829651,-0.5266085643,-0.0493029873,0.0526400795,-0.1887668736,-1.3056230853,0.6891127477,0.3224466826,-1.1458071581
Cuba,1.0477001038,9.8456432829,3.6138560919,-1.4781491074,2.8801685821,-6.7073254442,1.9277434441,5.5063130081,2.4651203779,1.815521722,2.505013762,1.7516892976,-1.4611677342,-0.3584655511,3.4610276073,-0.3017805837,0.1666854446,0.908912351,0.6404559366,1.3126404249,-1.5614691854,0.6358929446,0.9924413981,-1.8773878831,-0.1912930328,0.0126564092,-0.7885678009,-1.2356250511,-0.1904500908,-1.1659259808
Democratic Republic of the Congo,9.8299402556,0.7326587992,6.2143821778,0.575494421,-2.625449047,-1.3976044421,1.107045193,0.4434767316,-2.5521895064,0.0415198795,-2.601987377,-2.2748619446,-0.1170190934,-1.1648838385,-0.8187380383,-1.9728647386,-0.1498956764,0.9946632793,0.3572026688,1.8308773352,-0.7855274033,-1.5117311482,1.7387298721,-0.9151565688,1.5128214305,-0.3213398717,-1.2360763717,0.8955910075,-0.9766163833,-0.7810192837
Dominican Republic,0.5751544241,-2.5424541192,-1.8625439305,0.5761449553,-0.4224558962,-1.2050840577,0.264137143,0.6149543963,1.0725963036,-0.3492132697,-0.4754061991,0.9501062443,-1.7464645237,0.1770094983,-0.0552038848,-0.6349523517,0.4230596594,0.5910323357,-0.146497387,-0.6113020373,-0.082477614,0.4924118016,0.2195212885,1.5083540313,-0.3809772173,0.0556174914,-1.1074169177,-0.4258809784,0.0952232569,0.4744268123
Ecuador,0.6106616781,-1.7907891787,-2.0219628743,0.1320525145,-2.3103863244,-1.1061188011,-0.6871800581,0.2943642762,0.6434567371,-0.1225893433,0.6432605353,-0.2529934646,0.6721442095,0.2244997882,0.7851043543,-1.606616857,-0.0907598078,0.1649945409,0.7098140453,0.3948711077,-0.5959986215,-0.2776570483,-0.7304935511,-0.6451573191,0.5973989954,-0.1068056095,0.5738508695,-0.2049219749,0.2895119722,-0.0825335841
Egypt,4.0828509724,3.7629320437,-3.5225189104,1.4249829838,0.1519961633,1.4250644566,0.5044993934,1.076950569,0.6862209915,0.9599529903,-0.9835789116,0.7528020164,-0.5590952438,-0.6720406654,1.3467940726,-2.0536321979,-2.0229755665,-0.1053036639,0.3699970723,-0.3484582995,-0.1837743203,-0.6923733722,0.7006569355,0.240145701,0.8437739901,0.9155002069,0.4151243608,0.2617287879,0.4359608788,-0.4098807111
El Salvador,2.1828212333,-4.809572495,-1.7584387536,-0.849424959,-1.6237506042,-1.3568121525,-0.1568714716,-1.5139142758,1.4870107185,1.2559694386,0.9765476802,1.2464035744,-0.3253962015,-0.7110665424,-0.651890367,-0.7364947821,0.6278882979,0.8798759364,-1.0739331057,-0.2095656502,-1.2504398161,-0.1309917162,0.4874268937,0.1159816404,0.2003973377,-0.4787455577,0.8235386584,0.6789346958,-0.1538576389,-0.5028150887
Ethiopia,8.5553505015,1.838181469,-0.6992760705,2.0076415375,2.8277441391,2.7142757799,-1.1788890302,1.8709658367,-0.5052146376,0.4343647663,2.3176106861,0.8479573507,0.3963134402,0.1541031721,-0.9115813797,-1.8301806111,-0.0116121307,1.174906622,0.1277906419,0.7784837302,0.5407824178,0.0556538453,0.8527986648,-0.3435459623,0.9287695462,1.140326932,0.266768866,-0.7645531432,0.1106766616,0.3508687342
Gabon,3.6877397714,-1.2310828674,-0.9116398271,1.7052760437,-0.780778369,-0.6133954389,1.0257544232,-1.626973303,0.0089606911,0.3548506152,-0.8575508937,-1.4681046489,0.3543484618,-0.9564753915,-0.1488992144,0.1751675672,1.0320164557,-2.9541766383,-0.4631470576,-1.7194507125,-0.4370554245,0.7432084085,1.5298218167,-1.7322183339,0.9727748176,-0.4932269017,-0.4394539066,-0.883641656,0.0655817401,0.3527781957
Georgia,-2.1501795577,-2.4058832835,-1.8833969359,0.5400855606,-0.829018311,0.2230109669,2.1682648276,-0.4389832011,-0.7406976076,0.032466714,-0.2878161839,1.1552965457,-0.386156546,1.0918501556,1.4448718081,-0.1627860032,-0.5532427561,0.3653419728,-0.2299109802,-1.0224617425,-0.2201547103,0.6205496989,0.2807160991,0.2977744216,0.4046366185,0.3522027912,-0.8342859832,0.2442416626,0.3949769011,-0.1713204286
Ghana,1.9413308326,-3.9364219846,-0.1035807113,0.2387924577,1.6017103251,0.0285154547,0.402310385,0.0580760618,1.0671387373,0.3594596649,0.4331889749,0.3015541908,-0.0243081984,-0.7729689125,0.2875717381,1.0774240636,-0.7029323049,0.2654873061,-0.1971227404,-0.5436567873,-0.7173860944,0.5176871803,0.158471984,0.0514738999,0.3629129144,0.1765739794,-0.8212689313,0.3052832322,-0.5923847442,-0.8403901879
Guatemala,1.6946062645,-2.2964955985,-1.3600257152,0.7160686443,-0.4017254294,-2.8173786116,-0.9422345721,-0.4251240971,1.7471536191,-1.0415281398,-0.4931376815,1.9719541586,-1.0177345062,-0.4501065739,-1.1836291831,-0.520546887,0.9139999041,-0.146629811,-1.6405158794,-0.4923674574,0.5575669651,0.4987417229,0.6764741569,0.5207922811,-1.4491349895,-0.4983994316,-0.1639496673,0.2146850585,-0.2733161111,-0.4489282083
Guinea,9.1005126209,-3.3270307793,1.778610987,1.8569946269,0.4564377405,0.220155287,0.7043206206,-1.0824653373,-0.3043764761,0.1898881808,-0.0214488462,0.0046736167,-0.0807411098,0.198537833,-1.3531611077,0.5486047116,0.4943071869,-0.7408076328,-0.3652475441,-0.9672576884,0.3171088167,1.1175420968,-1.6426568246,0.5242765229,0.3794621555,-1.1463638911,-0.024154811,-1.3399115045,-0.9331645397,-1.4610448053
Guyana,0.8604758722,-3.1873666748,-0.8542645006,0.1403029592,2.1295251027,2.6525744493,0.68708095,-2.1922781445,-0.2593549991,2.6126249839,-0.5906244983,0.7054029496,-0.1554844336,-1.8788361019,1.4272762479,-2.1610897104,0.9916682106,-0.246660249,-1.2741079116,-0.085394295,-0.95800795,-0.6019501424,-1.9548906548,-1.0919251136,-2.2060355872,-0.2072380323,2.0295531243,0.9595280132,0.2860004139,-0.6865830662
Haiti,8.234523476,-0.745459505,-0.6598200661,0.5148262025,1.9696978972,0.0059879007,-0.0947125299,0.4691539207,-0.8499891677,0.6832676633,-1.3669608434,-1.3522010686,-2.5832598145,-0.1044210795,-1.6323073758,0.6889875752,2.6858183748,1.3602128551,0.3466127979,0.4587622946,2.044183635,-2.0898261957,1.7517015203,0.7223670373,-0.626076773,-0.3494935734,-0.8151553694,-1.8412871483,1.6235320585,0.9971050348
Honduras,2.6763381437,-4.1735450002,-0.0424514869,0.0753781716,-1.6972408563,-2.1217301864,0.5336554781,0.6376385171,0.715408262,-0.7246249483,0.0718528686,0.4304161814,0.2866466009,0.3757957614,1.0723953728,-1.0573656738,-0.3109406779,0.9502758549,-0.6229261646,-1.0111119876,-0.8716609586,0.177204951,-0.1567729497,0.7089380691,-0.5812519965,0.3651775916,-0.0060754595,0.3646812074,-0.6799722978,-0.136611255
India,1.6936783711,1.2287193071,-1.1450807517,2.7436664601,1.1774261995,0.2043578544,-0.8166834681,-0.1481623147,1.0498798444,-0.7545673533,-0.0244428413,-0.9366408723,0.4455109931,0.2692192313,-0.2382190646,-0.5493700611,-0.9627888001,0.4623860721,-0.1466090808,0.0715990546,-0.6479621706,0.744402432,-0.1970034604,-0.5655164731,-0.8042229969,1.3043073347,0.4737881155,-0.9354137198,0.3736052371,-0.2122348037
Indonesia,0.9537491229,0.1444971028,-0.7443512867,2.0719242912,0.91988166,-1.6093180307,-0.0873863521,-0.9535587329,0.1806524069,0.2223991244,0.3880684761,1.2662729112,-0.3179946055,1.4026425104,-1.277856335,0.460994871,-0.1474100691,-0.7572782502,0.7869868957,0.3932628241,0.3233592054,1.0228418511,-0.145936953,0.5955185579,0.5912520101,0.616422711,0.5655812648,-0.4121830724,0.0945760056,0.3776349003
Iran,0.769129075,6.1262036294,-0.0330139028,1.6609842102,2.9043813406,-1.9449502647,0.0076143477,-2.8817174717,-0.2616521273,-1.2937413725,-1.0910675656,-1.953761482,-0.2962064776,-0.7981263309,-1.2214872007,-1.4813517807,0.4515100222,-0.880515837,0.2780607175,0.2067744326,-1.5111756039,0.0583011846,-0.579378876,1.0774845302,-1.5270553523,0.7287007231,-0.2917149776,-0.253051997,0.3188683337,0.2257050707
Jamaica,-0.856617638,-3.9796348808,-2.8035930016,-2.6307948346,0.3451310037,1.8349269663,-1.813839843,-0.7488846303,1.0045420948,-0.0270019353,2.0550320382,-0.586409891,-0.3742367432,-4.1544446811,-0.3845336107,0.3785716501,-0.776657969,2.3655121752,2.5008543328,1.9361034654,-0.9221143103,-1.0980688887,0.0795779182,0.6724085955,-1.0405769828,-0.546301136,-1.016727262,1.2963251465,0.5496600385,0.6447064516
Jordan,1.5557846627,2.7813088595,-2.8909323946,0.8886715977,-0.0184809396,1.6711801637,-2.0138228927,1.3182530141,4.0104207075,-0.4633476265,-0.2476764454,0.9962734124,0.0881729851,0.1319533584,0.6413716612,-1.06315933,0.1425496126,-0.3050048182,-0.3277471672,0.3856995785,0.0721906888,-1.3413374828,0.277890775,1.069839289,-0.1939295509,0.0342279011,-0.2209171372,-0.1306221879,-0.0325176175,1.2971406001
Kazakhstan,-0.373482798,5.3530350782,-2.0526282876,0.7047719993,-0.3647778512,1.0477392443,2.3279184128,-2.2159643875,-0.7770790842,1.3171017954,-0.4049023497,0.2728076047,0.6834346339,0.7854918956,-0.2656831849,1.5771869783,0.3429403464,0.8117966135,1.0102162076,0.5586655967,-0.3329421783,0.1037370805,-0.0459930153,-0.3597625751,0.4724348079,-0.3768962235,-0.5650829619,-0.0377761017,0.2530780852,0.3438075491
Kenya,2.5781141778,-0.336730244,-0.3287030909,0.6219949953,0.4462220514,-1.5429751028,-0.958596329,1.1279329791,0.8848326296,0.8337120637,-1.0319999297,0.2316321461,1.3624496531,0.6256911913,0.1823624565,-0.0647904911,1.0485318184,-0.7244104739,1.0251742342,0.5962946714,0.2112110679,0.7546274872,-0.3402752217,1.2374257917,-0.0609328553,-0.6030014116,-0.3394833658,1.1094775183,1.1455530344,-1.4799096836
Kyrgyzstan,1.3858587425,-1.6630691626,-1.2617605919,-1.0460354797,1.2349593023,-0.4384477657,0.8955255076,-1.77752603,-0.0769216364,0.120305217,-0.7507601027,1.2322755876,-0.038159834,-0.0347818869,0.646331099,1.283117086,0.1281691264,-0.1173307749,-0.0982244586,0.0040286703,-0.4893438179,0.2188929206,-0.7926287839,-0.1317252178,-0.5031720405,-0.9739941205,0.1570736184,-0.490532813,0.6319731241,1.6086117768
Laos,5.9790895542,0.8688287782,-0.8811343591,0.8665751602,1.2042661835,-2.3363046424,1.4032281249,-1.3891029487,-3.2790517432,0.7167488402,0.5873625951,2.1935292832,-0.9913961411,1.4070309196,-0.265973148,-1.7728062994,-1.7680551993,0.565128501,-0.2379884768,-0.5958444253,0.9301250567,0.2963767729,-0.0488601215,0.3971986842,0.2219324195,0.1748691112,0.5025469047,0.221332826,-0.6466622688,-1.0914113658
Lebanon,1.439198187,1.8233532967,-3.9490222252,-1.7682576811,-0.9155886815,0.8751181764,-0.5160815117,1.8175899643,0.694068555,1.3661961306,0.4387007996,-0.39161007,-0.5216832275,-1.0679837949,-0.6867277004,-0.9167951476,0.425221099,0.7676144362,0.0979099099,-0.6032538458,1.5533236456,-0.6753131668,-0.5060160746,0.1140342307,0.9878880316,-0.4497781707,-1.6087993653,-1.2070555973,0.6216459754,0.5176415498
Lesotho,3.4988323473,-2.5723090302,-0.9430393706,-1.7056835132,0.9818531785,-2.4713101358,-0.9606702627,1.1550398031,-0.7403275678,-1.0888474066,-1.0306178742,0.792910052,-0.6428705246,1.5764499976,0.2310774164,1.5740317448,-0.0154647345,-0.2711719142,0.8401924601,-0.1086855611,0.345106695,-0.9679726179,-0.091528661,0.1380387765,0.5744929115,0.7962222107,-1.0636890561,-0.1146319548,0.0195441052,0.0638759677
Liberia,6.1620342361,-5.4398062454,1.4261701995,-0.4471427018,2.2254670697,-0.4072115403,-0.5439538077,0.7961516367,0.0473786057,0.789252043,1.5245249532,0.0942495425,0.097153872,0.1451231763,0.2759333697,-0.8253802057,0.7228043886,-0.9649546675,-1.0823908588,0.9985323676,-0.0721584989,-0.3877380039,0.2214327881,0.8738239533,-0.066429485,0.1708100153,-0.308814766,1.4085421529,-0.2387637544,-0.4732430242
Libya,3.3159030801,0.8737578322,1.1962039835,-2.0342516298,-1.2019434124,-3.6371360509,-0.1984721435,-3.7358172473,1.9686902948,0.2415853995,-0.6995355914,-1.2329251783,3.1317977916,-2.5171248269,3.953067456,0.747263264,-1.8593859854,2.857948625,-1.9006907344,2.2130323944,1.6700117937,1.7400784399,0.427467896,-0.0934157966,1.095339507,0.5836647854,1.6356584839,-3.0281138092,0.4205135304,-0.5042710292
Madagascar,7.4718998575,-5.0821130239,2.4626800392,1.3835811131,-0.0488287509,-3.1571224188,-0.114109277,0.2405526486,-1.8860080683,-0.6820921518,-0.0550448983,0.0520074213,0.3601456804,0.4233350012,0.9735090331,-0.7579534657,-0.1203420768,-0.5985775956,-0.0803030475,0.4676557948,-0.833124378,-0.353414542,-1.3030858587,0.2395635079,-1.0336711224,-0.7027595189,-0.0311478191,0.2584152621,0.8986722165,0.5881288829
Malawi,7.4542697218,-4.4464889708,1.4065683369,-1.0974679579,2.1849820331,0.2565292472,-0.9993967054,0.7409606845,-1.4858670586,-0.5902148024,0.2686963793,-0.0925787357,0.1373057585,0.4363969783,0.1330468311,-0.4972784159,1.2219885177,0.5664425667,-0.1367749807,0.9586506628,0.0301477371,0.9442766453,0.389086182,1.0960228646,-0.2640819112,0.0041087717,-1.0623576793,1.126853024,0.2871109248,-0.0654751084
Malaysia,-3.5056562875,2.8006845282,1.3438880537,3.753652793,-1.1787212843,-0.6342389944,-1.4339540237,0.033115486,0.8817340539,-1.3199328895,0.6915806178,-1.2100100777,0.555440549,0.1302406749,-0.2176412226,1.4539190701,-0.2087185236,0.0023926073,-0.1777041455,0.5911301238,-0.1549428126,0.7916402521,0.1880227876,-0.6282197886,-1.2244883629,0.4526790501,-0.4984466056,0.9284059805,0.4268288357,1.1251924806
Mali,7.493433908,-1.0061687815,0.6946109598,0.9578053361,1.0604337397,1.3408596806,-0.5189615488,-0.3667738313,1.8605760038,0.2538888263,0.8756480146,-0.5228751319,1.1174271709,-0.4466339598,0.7072530688,0.4214748853,-0.1068130173,-2.0287736427,-0.8633060978,-0.8012359002,-0.7345530399,-0.4590257549,-0.1969039771,-0.5704041844,0.1847693227,-0.9822329905,-0.5270963312,0.1077455879,-0.2991007552,-0.5797329573
Mauritius,-2.8747694797,-0.1500403737,-0.7529657127,1.7542109929,0.2927260308,1.1445355447,0.3335656889,-1.4540030789,2.6052782847,0.1725272504,-1.1072749097,-2.22690089,-0.2738800731,2.0500856872,0.3877016584,-0.258574991,-0.7149653029,-0.1439678112,0.1464775268,-0.8314458199,0.141089497,0.1726654715,-0.6082857593,-1.0859242106,0.1250226559,0.7392609091,0.719023852,1.758856784,0.4428444663,-0.5253107687
Mexico,-0.924376624,-2.995015449,-0.222560182,0.6437202965,-2.8385232837,-2.1244304252,-0.4409877892,2.3534779818,-1.2446365561,-0.5795698755,0.9616564031,0.1125803373,0.7815185563,-0.3163218728,-0.9894757146,0.6699763249,-0.1259954437,1.818167849,-0.2945143073,-0.8237284727,-0.1807821429,0.1245490313,-0.105722691,-0.1265836597,-0.4430230123,0.2185935116,0.3035540789,-0.1192114866,-0.756821863,-0.7453022439
Mongolia,-1.6916437844,0.3595230354,-1.0075289141,-1.1022785767,3.8495537607,0.5937747294,1.4687140929,-1.9249334842,-0.0311922016,0.5216155085,-1.8839162793,0.5151972579,-0.230125218,-0.5033904622,-1.3018238293,1.247851286,0.076832003,0.9809131934,0.9521923089,-0.0175704151,-1.7125860912,0.6153617513,1.4182574856,-0.9167862519,-0.9448266891,-0.8197186511,-0.5312428905,-0.7485930028,1.2842997698,-1.5154849359
Morocco,2.3419762861,0.6745905867,-3.4084997523,0.5806834794,-3.1314304821,1.8715440187,0.9284595002,3.0203732426,-0.0916387329,2.1096613959,3.1998004687,-0.3589174032,-0.0723352704,-1.7574083066,-1.2387562143,0.0799041404,-1.383786177,-0.5087558043,-1.0603707473,0.0451711154,-0.4147415195,-0.3841955045,-0.2968129145,-1.1276706544,0.028241549,0.3822908911,-0.0383734361,-0.1548395972,0.4827682654,-0.2833853921
Mozambique,7.0525742753,-4.6607981091,2.9732874332,-0.237480225,1.7499160727,-0.3103345191,-1.1959566284,1.3633099162,-1.6182557953,0.6780621054,0.3438714417,-1.9828565271,0.6904768312,0.4748856315,0.2407206747,0.1502291422,1.1826895257,1.9738483766,-1.4095592006,1.727201632,0.996226337,-0.2944236358,0.5219767491,0.6381463753,-0.2023273045,-0.0602551914,0.9239960875,0.7580874175,2.3509787136,0.6850369377
Myanmar,4.9216938816,1.5897720658,-2.0801883874,2.912132891,5.2620543657,2.2990943284,-0.0803893891,0.0357359591,-2.9789582962,-2.0766790147,2.7600827562,2.7658617949,-0.3309029031,-1.0655193321,1.6698431985,-0.5848061554,-1.661330739,-0.2761251,0.8995162526,-0.4355476603,1.0455629362,-0.6882850063,0.1711290835,-1.1717828923,-1.0012348202,0.2891480468,1.281912666,-0.5779176564,-1.5015974253,-0.2801082978
Namibia,1.1905183642,-1.8144798651,0.9368935492,1.4789611417,2.5777955833,-1.1671261414,-0.12303279,-0.2942851408,0.794502844,-0.4459772898,-1.0446482067,-0.6211116217,-0.3958496445,0.8246687468,1.7793010932,1.0744468662,-0.0812056812,-0.8566862451,-0.0347105324,-0.7272222775,-0.0322744366,0.8444903038,-0.4360003454,0.0736899583,0.6111033095,-0.1666898087,-1.2780680636,-0.0100030759,-0.1515474315,0.7056111648
Nepal,4.3895010621,-0.8825513731,-0.443915995,1.7338872609,2.740688444,-0.2203908244,-0.6639606323,-1.7999973757,-0.0620056638,-0.2881367168,1.3252302185,0.2477275006,-0.3136959318,0.2537378592,-0.6439124997,-0.300022595,-0.2278937412,-0.8094680558,0.8395553882,-0.7455790391,-0.4302144073,0.0305722283,-0.0307364119,-0.3535328241,-0.6746017923,0.9371275401,0.9648579302,-0.8694305368,0.4691349998,0.2284297861
Nicaragua,5.2957197163,2.5607138626,-2.4903223432,0.2548561082,0.1333997718,-1.4250956781,-2.5683636462,-0.2986856168,-0.2290199503,-0.3269489364,-0.9930968247,-0.5675675096,1.1522814999,-1.3771470556,-0.5408835119,0.3878568398,1.5776989779,-0.0203324839,0.7467256184,-0.5711502466,-0.0677257092,-1.5254908721,-0.791374718,0.6628300359,0.1200793517,-0.1024842706,2.2046765812,-1.0362236753,0.4204697536,0.7180651038
Niger,8.5609569318,-0.7253068034,5.0780331276,-1.6283297425,-1.9956651407,4.8055939902,-0.3552613119,-0.4236482846,2.4741506513,-0.5268235764,0.2249722909,2.2997369257,1.0066234783,2.7870500626,-1.3726974128,-0.6482788071,0.2147727611,0.9898781549,2.3362702112,0.7073519366,-0.1705241266,0.6875117692,-2.4517161232,0.0190973177,0.5939429875,0.5069169908,-0.8806091058,-0.837490248,-0.1305476966,0.1745774048
Nigeria,4.5809518584,-3.2315936701,-0.3793447658,0.6563436947,-0.9760881197,0.6354337401,0.6652966628,1.2105715473,-1.2501237705,1.4445045991,1.0773559954,-1.6659904192,0.6137048619,-0.0312808149,-0.8730949826,0.8524011947,-0.5337158203,0.0819826906,-0.672834466,1.0776548693,0.1836993275,0.3358215045,-2.1266125957,-0.2889676587,0.8224240662,0.5390396409,0.1797242263,-0.4234835815,0.3943220256,-0.4690174533
Pakistan,6.8679721254,1.9432604754,-3.0134705206,-0.1538976108,-1.056570099,2.1221588806,-0.8201042243,1.2899120248,1.7889471205,0.1385958396,1.8866017235,-0.8111959934,0.8601594966,0.6000861664,-0.7315250259,-1.562443078,-0.3817202739,-0.0312163164,-1.2458973406,-0.5078484866,-0.3411885625,-0.1498031679,0.7060161335,-0.3593245664,-1.2177886859,-0.6461697261,-0.7390909912,-0.7852309953,0.8886357519,0.04874273
Paraguay,-0.5189316275,-4.4994429924,-2.8688759519,-0.3021260871,1.0558704782,-1.6820036811,0.9430629645,0.205533194,0.4838503496,0.3015796881,-1.2940356338,0.0025142191,0.3210448983,-1.5313248417,-0.0018428033,-1.2241386701,-0.9674010048,-1.1665651768,1.1680437343,0.1680199883,0.7671218542,-1.1755108908,0.463635979,0.5198020794,0.3042215549,1.2199139896,0.6031367221,-0.4831941009,-0.4790997389,-0.8710483744
Peru,0.2034196964,-2.2949657173,-1.9445594141,-0.5233479639,-2.4007947066,-1.3874560301,-1.0861731602,0.4574667088,0.6011192049,-1.7551095646,-0.5262565507,0.6433537496,0.6362591376,-1.0567935618,-0.2873456349,-1.2414746858,1.2041310885,1.272984057,-0.7516196184,-0.8471562582,-0.8567043357,0.3144768952,0.8899638713,-0.5621024343,-0.1464796954,-0.6821100395,-0.2434462123,0.0876676863,1.0159943082,0.0789828734
Philippines,1.7478987999,-1.2644317691,-0.7825705935,-0.269145344,-2.3979437043,-3.5006585593,1.1838410625,1.8852999421,-2.6231667286,-3.2763377416,-0.4721382963,3.0160424188,-1.0156060626,-0.0783331271,-1.4597230349,0.8639095787,-1.5961073107,1.8088429948,1.5886872168,-0.3899037712,0.7029368786,-0.3490181459,-1.5609217642,1.0267614906,-0.8373536182,1.1217339606,-0.1054716976,-0.8635264834,0.2308002058,0.7671082813
Rwanda,3.3498098336,3.0115871594,-0.762785593,1.1488427165,1.4708110964,-0.2558069013,-0.7172422287,4.7381406376,-0.8460097744,1.5226162017,-0.9880904143,0.6994695237,1.2239823225,-0.2644854285,0.0864601666,0.9445789856,-1.0448406285,-1.2279051617,0.11858138,1.086004369,0.5441050142,-0.0900997104,-2.2832494181,-0.4084166658,1.1877108594,1.6317648083,-0.5521833636,0.5751266407,0.9744959243,-0.9618732625
Senegal,3.8582819562,-1.7683706996,-0.6703542884,0.7942419066,0.2135180719,0.3077396548,-0.2324178776,1.3434047794,1.8151463884,-0.7899591762,0.0586946427,0.8113977065,-0.0147329076,-0.6268159332,-0.4112448812,1.1875166749,0.5678516228,-0.3746177924,-0.1198666614,0.3613927311,-0.1418744099,0.106441732,-0.624577799,-0.5840673074,0.3269070499,0.1428478231,-1.7379179996,0.338189165,0.0763522831,-0.4304076111
Sierra Leone,6.0252026341,-4.0507935337,4.5510036356,1.4509879342,-0.2821613961,0.8132001922,1.1359205204,-0.7970468605,-0.460900162,1.5741505465,1.558282153,1.9148459221,-2.4912030008,-1.379138923,0.1575765442,1.4008186796,0.6631517087,-2.8557386949,-1.3188378592,1.1184997818,-0.6593991345,-0.9674675237,-0.5196475524,-0.203872107,0.0521304164,0.2002818767,1.2662241644,-0.4204570011,-0.2942755067,0.9690513928
Somalia,3.8689248777,1.4000305063,0.4176063529,-8.9669799212,2.3510418571,-2.0715134503,-0.2905081628,-1.1567468253,-1.1058976039,-1.4891836701,1.0812828393,0.5058792827,2.9777737175,0.6216867679,-3.9187143256,-1.0910463714,-2.6615360455,-2.0127563771,-0.9533021253,-1.4125416736,0.4815228353,1.6853700325,-0.6197533817,-1.2415802571,-0.7530457978,0.3947477471,-1.7657546969,-0.662527595,-0.5572860042,1.0950254143
South Africa,-1.9684293071,-1.4028728642,-0.1467571465,1.6668840761,0.4789719145,-1.3590770022,-0.5176621227,-0.8602864659,1.5484373789,-0.8169530122,-0.6098991609,-0.366118909,0.5639695166,0.8091885873,0.132126427,1.2207018551,-0.137570901,-0.4310758827,0.1084572548,0.1807874236,-0.3006665373,0.6164449924,0.5214934653,-0.1053095888,0.1421746382,0.4994619002,-0.0572719984,0.167130265,-0.9154204018,0.2301615638
South Sudan,4.9064805434,2.5605283371,2.3388543962,-6.1992642073,-2.3072241109,-3.9965717037,-6.0484989774,0.6083348228,-1.3811281291,5.8393273961,1.4317954316,-0.8856518316,-0.4200495454,1.1750102008,-0.7021434658,-0.9571620992,-1.1867464766,0.5318906993,1.5575873043,-2.7491011126,-1.6826613969,0.0068583486,0.1381853863,1.6715893843,-0.7049730046,0.591235705,1.4811646354,0.8014328091,0.73119029,0.8317619808
Sri Lanka,0.2686628526,0.2926277363,-0.4001130935,1.7633350456,1.8557852752,-0.2524726899,-0.1575299576,-1.0851799519,1.4025223109,0.5003339884,-0.3554019637,0.7123352485,0.1185646662,1.1863748029,-1.1888769146,-0.0483010796,0.6136926563,-0.6969154304,-0.8457727931,-0.4238461972,-0.3389277773,1.5279272988,0.449310348,0.7357006095,0.3255196878,0.7288049637,-0.7155864172,-0.8627158341,0.2659909388,-0.8005835833
Sudan,7.8001943597,3.8873775755,1.8928310703,-0.0665668143,-4.1073633988,-0.0418214888,-1.0231615561,-0.1101605335,0.2818213006,-3.1114924103,-0.2333715718,1.2474525788,-2.4641885618,-0.1973591311,-0.2964130313,2.2230978562,-0.3924103729,0.1940908825,-1.2654956577,2.9608690513,-1.3555744032,-0.3088703029,0.6638948586,0.5942955079,0.4794501805,-0.3788308253,1.0747197666,0.7027887836,0.6195277332,-1.1603510576
Tajikistan,5.5887406916,3.6729204213,0.0167119543,1.706076956,1.8220021045,-2.0954899337,-3.8613035898,-2.4322129673,-0.0897421709,1.5338428853,-1.5053700643,-2.3813852365,1.4657064704,-0.3646360585,0.0214223386,2.1957995228,-0.3010327489,1.8952745188,-0.0526505428,0.5938341581,-1.8731248223,-1.5496995297,-1.0101056595,-0.1090870333,0.8440449577,-0.2700632582,-0.2908431519,0.240012354,-1.0748741321,0.4118546398
United Republic of Tanzania,6.4486492523,-1.3347009649,-0.2251929178,0.6224263261,1.5793323313,-0.7095610288,-0.0123781011,1.3369857117,0.2182401908,0.7993357498,-1.4934379148,-0.016481981,0.1488565853,2.2513721454,0.2879257091,0.2269877463,1.2817241386,-1.0300700133,0.6308294123,0.1967028088,-1.4551402514,-0.1904155284,-0.0590266434,1.030409958,0.4799839224,0.4263382366,0.6509251741,-0.008708109,1.2540851621,-0.5405640383
Thailand,-1.165835233,4.3494821767,-1.2870329668,1.2433288495,2.0724936628,-1.2532808222,-0.2285899836,-2.6377413196,-0.8511276309,-1.8220216057,1.1281535773,0.0470086845,-1.0394353373,-0.5592416685,-0.4113744545,0.6256502879,-1.6560236942,-0.4479473072,0.6689637728,0.1660959884,-0.1385947599,1.848930295,0.8728105483,1.0748024631,0.3676501075,0.1309834737,-0.3670057717,0.6417570332,0.5163257394,-0.5951363087
East Timor,4.0959870236,-2.788781738,-0.4483160164,-1.724567652,3.7444251699,-2.3515043299,1.1363111827,-1.6558870806,1.7859872153,-1.8450296279,-1.6781481079,0.4978207761,-3.204479991,0.521106547,-0.8938477532,1.0461581196,-2.2192748288,-0.0642855197,-0.8036763654,0.4639109337,-0.2334108853,-2.414010453,0.1139514814,-1.9919490847,2.3289171303,-0.7284988292,0.1315840898,0.1288941091,0.1615071009,1.2654836371
Togo,4.4442343594,1.1134506084,5.4740700615,0.3790808466,0.529381919,1.9152167896,-2.0341018421,-0.2050336735,1.9377781725,0.8818839922,0.0015844791,1.6157978874,0.207110555,-0.1678899024,0.0948498413,1.7686837656,-0.7468327988,0.4824981063,1.2664231028,-0.6606256011,0.6397158183,0.1208730019,0.8653066187,0.3448880371,-0.7288085009,0.9732900017,0.2392593996,0.637133519,-0.8467455454,1.810313623
Trinidad and Tobago,-3.2784560229,-2.1411122577,-1.1734996541,-1.3625906722,1.2802509347,-0.5843331475,-0.4602186208,-2.0431238311,0.5161196986,-0.3363389476,-0.1864930183,-0.9410871318,1.0996885949,-1.6025696048,1.8716367374,0.2801303956,-0.6482280629,0.3410776655,-0.1826480522,-2.0299233507,1.2339126339,-0.7721285578,-1.2297442326,-0.2886527359,0.1857499659,-0.9268575986,-0.7531550481,0.5583210132,0.2128909877,-0.7789546492
Tunisia,0.9999673885,-2.6748039072,-2.1367816921,1.1745734262,-5.6146441195,-1.4098532244,-0.3989218149,2.4166226365,1.1283120811,-1.2904609825,1.0355226154,0.5653010882,1.5278394126,-0.245635242,-0.3353452038,-0.464063993,0.588940068,-0.620166273,1.0104033,-0.5948105475,-0.6374801373,0.3992361297,0.9255759928,-1.6232928207,-0.2450790122,0.6530637108,0.735678642,0.1287102338,1.196181449,0.5858069068
Turkey,-1.5893945119,6.1907264683,-1.9272523356,0.5277424766,-2.1910523105,-0.7029932404,-2.6094801747,1.5457703108,-0.5776721727,-1.3472382649,0.3241898502,-2.0371471786,0.1340761489,0.8645133173,0.4000584397,-0.7126495178,-0.4741965785,0.0499664997,-1.3847329766,1.0681304772,-0.9604817098,-0.3576275715,-1.065688525,-0.1965432404,-0.5162886456,-2.0664759004,-0.7635236496,-1.1786087179,-0.7248638465,0.670725362
Uganda,5.4848287762,-0.2849142345,0.995753993,2.2172973384,1.1998162244,-0.8472245424,-1.3210798113,1.2173911214,-0.0290317362,-0.7142223197,-0.9858121189,-0.1819628341,1.4736195344,0.9363794616,0.076379411,0.0938714409,1.2466793847,-0.858697888,0.7983540735,1.3021348045,0.1973331443,-0.1555012798,0.198487736,0.3634381856,-0.7730392237,0.5525690595,0.2360647075,0.3997697714,-0.0250232932,-0.2897427192
Ukraine,-0.7811593164,0.0778059919,-0.8865877757,1.1178922107,-1.3713135847,-1.8704051829,0.0850999278,-2.3848497321,-1.7011432446,0.6961616668,-0.8596339165,0.0234529033,1.2902313329,-0.2408805263,-1.1542330214,0.8432404235,1.0790587004,-0.4484229801,0.5259395876,0.7974479907,-0.7739503531,0.3173722358,0.5207817986,-0.9281069639,-0.5835128213,-0.0582846405,-0.3531240368,-0.7216919437,-0.053653303,0.2662778187
Uzbekistan,2.5347521549,6.606540928,0.6000637134,-0.9669407981,-1.5457894745,1.7452079454,3.8745968098,0.4040327789,0.5797534409,3.3995427403,-3.2569213727,0.9637370261,0.1557178446,1.4701964902,-0.2566621987,0.7301025359,-1.5916996766,0.6567972429,0.4508160938,0.2419091868,-0.1865497161,-0.0508441361,-0.4691308885,-1.0484755328,-1.8457412726,1.1976974013,-0.6244754402,0.0782119746,0.1437738562,1.3262629035
Vietnam,1.9056652354,4.3844980563,-2.4945206896,2.0402532585,0.8390087465,-0.6901802731,-0.1047806216,-2.1813582571,-1.8343219453,2.6781151416,3.5368186803,1.0430874409,-0.0464892214,1.1290638429,-1.2919497165,0.9848869253,-0.2077577468,1.1215232675,0.0767755905,-0.017515583,-0.3506865298,0.7581461998,0.3255697237,-0.9089516773,0.0309639644,-0.6377236909,0.121057687,1.1292527633,-1.3082032928,-0.3192123273
Zambia,6.2210319995,-1.0194473891,1.0068999423,1.2942260534,0.7797819489,-0.1860689417,-0.4616563906,1.2810526004,0.1345845145,0.0515080585,-0.6519185897,-0.761617174,0.3457930309,1.0968510762,1.1827961776,0.6259480062,0.3456185144,0.0600084566,-0.7727435749,0.6505745419,0.824911899,1.1031606239,-1.666435894,-0.8797864075,-0.4648065141,-0.6933888741,-1.386049496,1.7183225579,-0.0290748585,0.1685432717
Zimbabwe,5.8857224107,-0.9705480095,0.8566993059,2.3020882141,-0.1242208353,-0.7235532796,0.4326261972,1.897063944,-0.9351985046,1.1455063053,-1.4861118791,-0.5145829356,-0.8332973287,-1.4603877456,1.5454404068,0.5407735501,0.5189617131,-0.5748199538,-0.6807108548,-0.9928664733,0.1617344721,0.1672680579,-0.0416464834,0.8463569267,-1.166598451,-0.2193369665,-0.3948042653,0.3425208079,-0.4806336124,0.6983884114
Venezuela,2.7977252985,3.6914842251,-1.5759881235,2.3481243401,0.238550102,-0.4718377492,1.0797746403,-0.4399111549,0.3760964906,-0.4618771617,-2.7556294398,-2.0334918312,0.0633233124,0.8369374832,0.3266800883,-0.5156083394,0.7533255458,0.4740340431,0.5451361554,-1.0241715722,0.6392225821,0.7100605705,-0.2071500868,1.0569162506,0.2975946984,-0.4391547663,0.3733636598,-1.3317445351,-0.3569600126,0.8805015912
Yemen,8.1742037954,4.4503124702,3.6314928708,0.1066062274,-1.6992272162,0.6875545873,2.0777278327,-0.7025480364,1.6170899736,-1.9111064303,-0.7000434522,-0.931667848,-3.351812237,0.3017179896,-4.5928059816,-1.2623035339,-0.9163245778,3.1197836398,-0.8370965095,-1.4818986234,-1.7011544044,0.5493577037,-0.5476776767,0.3511774341,0.2497773386,-0.9102324879,-0.0318618094,-0.3934570188,-0.4777685678,-1.4434774996
Chile,-4.4345341384,-1.867620374,-0.1248477181,0.6584401286,-1.3027901946,-0.8674961533,-1.231711863,-0.1251057825,0.1081298665,-0.0770870715,0.6171114144,1.3794173692,0.9147723133,0.2632636127,-0.6176895305,0.6919642309,1.2159640226,0.1236720237,-0.1235250091,-0.9185118134,0.1266886529,0.2243134483,1.120992079,-0.369311841,-0.5541545009,-0.4038224812,-0.3710507389,0.2688711052,0.9081812118,-0.4971968607
Panama,-1.1306644222,-3.727101924,-0.6316701314,0.1619675169,-2.2928133469,-1.3498412887,0.2968727059,-0.8060116092,0.9085997022,0.4312724795,-0.0140964457,0.7698026744,-0.584714347,0.0448379429,0.0748027946,-0.9556114663,-0.5356033909,0.086539526,-0.0518195408,-1.6641438095,0.2798708858,-0.1780230544,-0.0669842411,-0.6261425787,0.8719241588,-0.1961509994,0.9674619315,0.3100797451,0.6936934376,-0.9251023199
Russia,-3.1256936612,4.7364488375,-0.6605205213,2.5839540995,-0.4289019742,0.4921048724,0.1568577077,-1.1809653617,-1.2018652537,-0.2524107895,-0.756322202,-0.5120955294,2.3258059184,0.1316999041,-1.5242456594,0.6171847351,1.934305545,-0.2104058686,-0.3394295286,0.2233542537,1.0286859595,1.2107481459,0.6330224567,-1.5845973953,0.7213088187,0.2261123949,1.1740052482,0.2868081723,0.0277765116,0.1179962608
Uruguay,-4.6756586146,-1.1321398731,-0.0932083053,1.6730358757,-0.5410229351,1.6482420729,0.6401147887,1.1297475632,-0.9824991345,0.5120311544,0.6872723636,1.4586917597,-0.7891657004,-2.2054889609,0.9549294645,-0.0029123523,0.4917417818,0.56152342,-0.167342726,-1.3038835339,-0.7902362602,0.5729732394,-0.1556621794,0.4515790911,0.8744322984,-0.3050632058,-0.5495761113,0.0970455803,0.6752712915,1.2079279655
Armenia,-1.6604885972,-2.0993405117,-1.2360649851,0.708731406,1.3851201187,0.2777000631,-1.5306471636,-0.6812388423,1.6040581227,1.8652691685,1.1295690771,0.1759884781,0.1535131891,-0.1655700808,0.4420906615,-1.0578760603,0.14870028,1.4990514286,-0.0079900206,-0.2341244197,-0.9719397424,0.3921970136,0.71263549,-0.2313501881,1.6768112738,-0.188229089,-0.3976127222,1.2234474755,-1.2668049839,-0.3219626157
Australia,-10.0899502453,0.3277150391,1.151135157,-0.9373599276,1.1499994889,0.5101619149,-1.2322883547,0.3030337141,-1.5011638043,0.2151771166,-0.0976589045,0.4803447011,-1.2204097094,-1.4839941406,-0.4631751811,-0.543984726,-0.7059246356,-0.7634219592,-0.1865142798,0.1491986344,0.5368633615,0.2736791998,0.5030908819,0.483578072,0.3441751999,-0.6073634273,-0.4467267785,-0.317621861,0.8422973646,-0.5859603902
Azerbaijan,3.2491546458,4.8537387463,-0.8879016064,2.9627058271,-3.4653563346,0.3407562852,1.2631552928,-0.9706997546,-1.0768332166,0.314411208,-0.8531321326,2.0395863752,0.0140731703,0.0343464816,2.1806859558,-2.0831470391,-0.3466041858,-0.3114535056,0.5779927648,-1.1780368234,-0.1309645259,-1.563488342,0.6159886588,-1.1735989426,-0.6690605074,-0.0482300614,-1.566432797,0.5281790084,-1.0054831032,-0.3013712029
Bahrain,-0.3681258781,7.6735379359,0.3275616434,1.1391977363,-0.0709494044,-0.3841018415,0.0731214814,-1.9206844539,1.5447062622,0.566927694,-0.2966047822,-0.7752237555,0.0052775275,-0.1688147533,1.0260154191,-1.0561585555,-1.5542320956,-0.4622034248,0.7883003943,-0.3910648957,1.3855248757,-0.7057403358,0.0229327053,2.0793258155,-0.1796978326,-0.4930721741,-0.7540598666,1.6361426145,-0.3136429432,0.66929943
Belarus,-2.2080670038,3.53045706,1.610090636,-0.2788697251,-2.1946174504,-0.4895057739,2.9717294826,-2.773836851,1.19553126,1.3735632732,1.5931622859,1.4830511322,-0.658381617,1.7211724761,1.6270495389,0.2688976535,1.9416218346,0.8401729562,-0.6433512901,0.9642245187,0.6251668347,1.0575745421,0.1495132073,1.3710912253,-0.4216245835,1.71193141,-1.6690180093,-0.5254613854,0.7605493766,-0.8696028063
Canada,-9.6496290454,-0.012105844,2.4786256504,1.21770076,1.3260601894,1.6563298518,-1.1835164526,-0.098862642,-1.9477050824,0.975181352,-0.6451452999,-0.0136157897,1.565223994,-0.0810080433,-0.0003592887,-2.3521680293,0.601539691,-0.3806207239,-0.7860174982,0.7866613037,-0.5196711011,1.0506862585,-0.8008518876,0.2208800248,2.3166230079,-0.6192398414,-0.5672508983,-0.3898673161,-0.4072217759,0.4665854796
Estonia,-9.9252252367,-0.170181438,1.7208753397,0.3694661331,-0.1107263291,0.167933883,-0.1587856792,1.9324630623,0.85970796,-0.5399770444,0.0076031191,-0.5092697394,-0.7350728189,0.0460412587,-0.9193519929,1.1834693771,0.7277902085,-0.0894402932,-0.7826933393,-0.6393274045,0.8892392196,0.0699209163,1.8240209312,-0.9609672494,-0.5491512668,1.396165202,0.2073112945,0.6300652886,-0.1332913717,0.0486810286
France,-8.089016065,0.2878119871,0.9619170631,0.334302885,-0.368951324,1.7780931744,-0.1958531153,0.4509067871,-0.8405205207,-0.3893143123,-0.6316551646,0.991890937,1.2002226436,-0.5177333925,-0.4708838546,-1.3238055099,1.1120413984,-0.3227963878,0.5573844241,0.5038596935,-0.8811943516,-0.3036710506,-0.8133032389,-0.0555500507,0.1337477255,0.9782194804,0.1119031386,-0.4848594418,0.5522158535,0.3057815226
Germany,-9.163235538,0.7188282007,1.6263754528,-0.2198971237,1.149381101,0.3908772561,0.1672364873,1.1551029765,-0.7030566446,-0.0487308194,-0.756376027,-0.6111293058,0.2709354596,-1.040884789,-1.1005572955,0.3322575236,-0.4142364229,0.293221209,-0.1455677924,-0.6642605804,-0.3289315655,-0.0723324105,-1.6425940893,0.3789335888,-0.1614000455,0.1339396024,-0.0440573162,-0.3194855844,0.535955892,-0.4460925936
Hungary,-5.5546867344,-1.3195129243,-1.3447337474,-0.1777051305,-2.3617381706,-0.8500352463,0.0314743849,1.3329781603,-1.2762452512,-0.2084556306,0.3667407844,-0.1472306787,1.2757981597,0.4415472337,-0.5160987759,-0.5034170788,1.5008142266,-0.7642042828,-0.8403576746,0.2789502462,-0.1338141751,-0.7417144072,1.0809869292,0.0162111622,-1.3232714511,-0.1426645047,0.1204551594,-1.1283238539,-0.5541474425,-0.5365914223
Italy,-6.2277101794,-1.3639496822,-0.3681424941,0.1876097123,-0.1279803013,0.2635161375,0.0847963946,0.0251375394,0.5772507926,-2.8584400048,-1.6422462039,-0.3210929415,0.9248381507,-0.1582313447,1.9334835822,0.0321382173,-1.4257687915,0.5138392956,-0.7822382474,-0.8343707381,-0.8952829371,0.0056821425,-0.7111804341,0.8736265559,0.0763278434,-1.0560114618,0.8070127024,-0.3201502874,-0.040086736,0.0753052304
Japan,-8.9440331041,0.0080217761,1.6631058492,0.1636162341,0.3382714862,1.934566413,0.6592218378,1.113483161,-0.878065108,0.8870897909,-0.6659793651,0.8048924042,0.3711370527,-1.3079819247,-1.2207608281,0.2194105146,-0.2153698025,0.2197025519,-0.919277157,0.7206478711,-0.2065352323,1.0988198971,-1.0083075745,0.9440753601,0.682646991,0.8269100595,0.8607224362,0.150991437,-0.0511244969,-0.8259926433
Saudi Arabia,-0.4522239069,8.8521850537,-1.5882508677,0.2913728406,-1.4957483854,0.4546709917,-0.8320844972,0.7550920628,1.1923611735,-0.6191652292,-0.4346433721,-0.8540351966,1.5997252735,-0.6087921273,-0.2678677763,0.1559926141,-1.5926526533,-0.3680181629,-0.3061370297,0.0719356463,2.0122560128,-0.2698464388,-0.124438812,1.0020254237,1.0422721015,-0.3613947191,0.8194587762,0.6916753997,0.1039292702,-1.1500792927
Singapore,-9.2582405534,6.785289638,0.5117690138,-1.1717381156,1.4693322468,-0.0263841011,-1.4095624773,1.530530799,1.4475854565,-1.151356471,-0.3303258629,2.5720775567,-1.9021635755,2.8405586477,-0.8404929279,0.5071660971,0.9789264607,1.1737681218,-2.1729173146,0.4591942336,1.5595471528,-0.0085907763,-1.058772896,-2.7457379736,-1.2291242972,-2.2177528711,1.4729682772,1.0688150799,1.42817969,0.59684627
South Korea,-8.4600554819,0.4660117755,1.8155168851,1.1121384019,-0.4787423795,1.8921381108,-0.724243443,0.2184878863,-0.5692847673,-1.4223525725,0.2332521664,1.6613432298,-1.7282650596,0.359995213,0.1563798436,-1.5055745447,-0.2400790101,-0.8832948277,-1.1572006862,1.1725452641,-0.5045368292,0.7742307982,0.2045451816,1.6404675744,-0.4299391781,-0.4542559919,-0.3163252595,0.0071275537,-0.6573433503,0.6429155365
Syria,3.5653497242,6.6027023823,0.3254096164,-4.1147374332,2.2623275011,-1.0260091792,2.672047511,3.3898459948,-1.5843262831,-1.0323234205,-2.7342932162,1.7176480657,-0.1665658739,-2.1204556187,-0.1714291915,-0.160700618,2.9110694307,0.070181246,2.0408334705,-1.9208363304,-0.3623000112,1.9073685462,0.7164377692,1.0362544176,1.7609293317,-1.2663039292,1.5867143849,1.9902545655,-0.5195316572,0.0079820688
United Arab Emirates,-4.1606474838,7.1614729608,-0.418577834,0.8256851221,-2.9303978822,0.9553649252,-0.5784103799,1.2240651843,0.0590561257,-1.9667827035,1.6358038395,-1.0586209804,-0.5581294143,-0.8280329541,-0.4445085384,1.492678729,-0.9600903918,-1.2942257234,1.3529103683,0.0184754527,0.6020266799,-1.0437616573,-0.0477866172,0.7147148122,0.1688476566,-0.9789438791,0.7241814321,0.8025521219,0.7109873005,-1.5959743735
United Kingdom,-9.1104591211,1.1962462092,2.0224114818,1.4295020824,-0.3268420581,0.7775986591,-0.3257076893,-0.5856911776,-0.1666613694,-0.6665906557,-0.302777037,0.2278159674,1.3565276722,-0.4539184983,0.0583800768,-1.0676102256,0.5222437034,-0.1463372419,1.0559775726,0.4918370697,0.4301589041,-0.3367557947,-1.0021959002,-0.0511978812,-0.0819852541,-0.5227065059,-0.2832912574,0.1964619933,-0.349481349,-0.1174446097
United States of America,-8.0217062492,0.9982760757,1.8422145059,1.286315323,-0.6833882933,0.7058814536,-1.5222339848,-0.577509632,-1.2179500709,1.5050753582,-1.4215102449,2.0023772643,2.0021235796,-2.149284673,-0.9540422532,-0.8100418091,1.1134945688,-0.1357596552,1.2280907303,0.4433672499,0.7117123347,0.6687681306,-1.117087367,-1.3734015894,0.4432292241,-0.552748483,-0.6990005516,-0.2412247828,0.5768146296,0.1188547433
Albania,0.0805192767,-2.3075823527,-1.8448345721,1.5316572608,-2.6777854783,-1.6496534602,-0.431033156,0.9798645246,-1.1257850673,0.7784170194,1.593581574,0.1521296718,-1.0805825315,1.4662838582,0.7355389497,-0.2820498424,-0.1384251167,0.0662717476,0.1622234101,0.383514539,0.0548602752,0.1811263797,-0.7032908334,-0.5937984115,0.7428788456,-0.0527931067,0.2134291923,0.0360890116,-1.24252929,1.1433257811
Austria,-8.9794040357,0.0198610643,0.9914227284,-0.1875891204,1.3760982857,1.2296529564,0.3814090653,-0.0084441562,-0.664404859,0.2545098718,-0.4066001305,0.0488268644,0.1640813194,-1.5758155641,-1.1419156984,0.3507242123,-0.2003811915,0.3125077796,-0.6936485636,0.2733392043,-0.6870806777,0.9262097781,0.4146726377,-0.4670347245,-0.249767309,0.3434686528,-0.0157661446,0.3697916497,-0.1235358635,0.5260453545
Belgium,-9.4345950574,-0.5188427249,1.0393580679,-0.7487771092,1.5402760597,0.8089886135,-0.9239435928,0.8595632141,-0.6556036899,0.407275024,-0.163267511,-0.526361456,-0.522951039,1.0222261531,0.6185835507,-0.5207359057,-0.623005079,-0.3826168353,-0.3459903264,-0.2265652661,-0.4395311079,-0.6675081836,0.1264388631,0.0234717561,0.6270217579,0.080501722,-0.3294232979,-0.4065740029,0.1128638443,0.077375569
Bosnia and Herzegovina,0.3540063302,-3.3106808758,-2.7667537234,-1.5197373623,1.1135299501,1.2235729256,2.3319433111,-1.4350536321,0.5581899773,1.2565222847,0.2335130184,-0.1728766093,-0.5809280808,0.3404941569,-0.7557033063,-1.004303969,0.5090166211,0.9275397418,-0.8241013199,0.2443944018,0.712180372,0.3788054147,0.5800753813,1.4651198668,-0.1084999616,-0.1419793376,0.1871416451,0.1033479441,-0.4036472354,-0.3627911696
Bulgaria,-3.4148242295,-3.046920323,-2.1742005229,-0.7025859551,-2.2569014875,-0.0286131196,1.6271493378,-1.0632268762,-0.9238908061,0.3953075091,0.558615248,0.4591201445,-0.7447244468,2.0312550444,0.0319063835,-0.4368247162,0.9368224203,-0.7639152797,1.1700681487,0.7312863128,0.3081697897,-0.2802749508,1.4266604493,-0.15224687,0.9209929874,0.1822735404,0.1966447333,0.1158054165,-0.8257925384,0.1575743034
Croatia,-5.3311511433,-0.77664804,-2.8550667158,-2.5324062215,0.7185137814,1.7098998558,3.1827783566,-0.2536287154,-0.8813085286,1.3868067947,-0.7885797606,-0.7583725828,0.0211568591,-0.2866208154,-1.0031475775,-0.1468081048,0.1476709786,0.6346954246,-0.2752844902,1.3506024406,-1.066905449,0.5703304216,-0.197901502,0.0478320851,-0.7904007074,-0.1879080503,-0.5871165064,-0.0905341854,-0.2105398261,0.0822281169
Cyprus,-6.0279174555,-1.9970569326,-0.1462290266,-0.01613091,0.3656979869,-0.6626699289,0.2443870035,0.7360548028,-0.8472395409,-0.2575340425,-1.0345325763,-1.3390036655,0.3930505006,1.2026266971,-0.1333698425,1.1426208122,-0.4035770502,0.5468022823,0.2760880399,-1.1509728248,-0.7877592604,-0.1761529258,0.1496696149,-0.6418579111,0.1610951512,1.8769236689,0.1408595514,-0.0773867016,0.9943969167,0.7089400309
Czechia,-5.9346726096,-2.8731462599,-1.7214443413,-2.624116124,-1.6843046891,0.317383118,1.3627700525,0.2112230543,-0.9170768535,-0.3151138321,1.1251910489,0.0701233332,0.8795504764,0.5153350441,-0.1758275138,0.9116842701,0.1623015374,0.2598912789,0.2958690496,1.2860562113,0.6864236492,-0.9951200074,-0.0422447278,0.6233308457,-0.4728930407,-0.5720914748,-0.4059643677,-0.5918681349,-1.0739240661,0.0074927554
Denmark,-10.3524548743,0.0208143856,2.4615331333,0.3126245547,0.6206377987,1.3286508161,-1.4485421928,0.5149087203,0.316855156,0.3788508796,0.257871579,-1.3820726832,-0.6145783844,1.4614491588,0.7933400729,0.7623595768,-0.0266717474,0.5050907825,-0.6556621445,-1.0747448797,0.8388224502,-1.0405769518,1.0975326341,-0.1068200258,-0.3536877726,-0.2252561756,-0.510734469,-0.061879746,-1.4474918873,-0.2884637203
Finland,-10.212161243,-1.4054183072,2.1200688015,-1.5393056174,-0.3734794815,-0.5937787527,-1.610353469,0.5703709075,0.1217025934,-0.0382205034,-0.8337688131,0.1030568674,0.8542244098,-0.1543864385,-0.2225241378,1.6118924671,-0.725186746,0.1662436958,0.7275229191,-0.7172273306,0.7466561353,-1.335889973,0.70260403,-0.7325237834,-0.4653682584,-1.050649463,-0.4020112546,-0.8978217413,-0.0437636073,-1.0667389236
Greece,-5.2373578122,0.0777699989,-1.2267319863,0.7115414013,0.229624905,1.1426629877,1.7049561729,2.3167345645,-0.3398845218,-1.3353720466,-1.1246546976,-1.6552946837,-1.6605131162,-0.1526959312,1.400895405,0.3973966726,-0.2897757994,0.9219164826,-1.9699929494,-1.0683464073,-0.5231470298,0.3357707983,-1.2396180374,0.0824204378,-0.8574335161,1.3742035319,0.8523623182,0.0744766828,-0.0648670168,1.0986170745
Hong Kong,-6.9912112166,1.977245923,2.6069233909,-0.5320491322,-0.3170993271,-3.4597955016,2.6600340289,-3.6577768734,3.0311763196,-0.2698129076,3.4832880697,-0.6792811197,-1.2417963497,-1.0424523407,0.7665202679,-1.4883853202,2.0229042259,-1.0513616767,1.2598917257,0.7028194704,1.5012561582,-1.0304131225,-1.6999604794,0.1234490583,-0.7636989753,-0.5425388367,0.2128705756,1.0273748654,0.663661676,0.3073786215
Iraq,4.7222857779,0.2139331348,1.9541653441,0.9495205727,-0.6515831892,-0.9562974403,0.6960843593,-1.7046733053,2.14280014,-0.4552806167,-2.6470066045,2.1406708275,0.659798167,-2.7400065054,-1.9448312329,-0.474144885,-1.1816297206,-1.1050125859,-2.3103827752,0.528832063,0.5662686809,-2.7289527359,0.7144733066,-0.2337983068,-0.5833422603,3.6399067997,-0.8024882321,0.9945199719,-0.4228598763,-0.2883963474
Ireland,-7.8050874289,-1.4911319154,0.4788478042,-0.5238754478,-0.7881844434,-0.1287016541,-0.4036309669,-2.0350262161,-0.4133716293,-0.0289217544,-1.3796243938,0.2698419151,1.9535600842,-0.4582028756,-0.7815331253,-0.2197064893,-0.3706172592,-0.1802785365,2.0092696765,0.558098709,-0.056135333,-0.9434727997,-0.3875174082,-1.3185871196,-0.8437344416,-0.4921527916,-0.8844374652,0.1856329224,0.5932770135,-0.7216393935
Israel,-5.9132536109,0.501436655,0.9690402072,2.8272199423,-2.1292216265,1.2680033259,-1.482299395,-1.3344178443,0.9759740373,-2.3884277967,-1.4855857842,1.9845682335,1.1448776625,0.0091752654,0.0106269965,-1.7801374668,1.2672809258,0.792439066,0.8635219253,-0.1451248614,-0.4894437093,0.223830393,0.9936843993,0.2534188664,-0.2069716709,-0.1696843178,-0.6699651848,1.232752622,-0.147838415,0.3533105887
Kuwait,-1.2728189333,2.7334796398,-0.0766344141,3.6239893822,-3.8154916797,0.5866368119,1.6091229075,-0.7616244883,-1.3790170133,1.0863457732,2.1348276934,-2.404832712,-1.1565669355,-0.5074376706,0.999636177,2.4786847602,-1.1037306753,-2.551259951,0.3699802816,-1.0895000397,1.0736241759,1.7278148927,0.6954104034,1.5328610045,0.2963514609,-0.5594625975,-1.2854885738,-0.1339288015,1.1121939769,1.1662955872
Latvia,-6.7238191573,-2.7844128487,-0.3264266684,-0.7806578211,0.3250331225,-0.1016610453,0.5845213037,0.2629386658,0.0314843151,0.1336788491,-0.2110984922,-0.1315700093,0.2291078658,1.4190290719,-1.0324898166,0.2334275386,0.0990385042,-0.8724389514,1.0680553204,1.1692991923,0.9046408462,-0.6577190833,1.2518552798,0.1884446695,0.3241622233,0.7775286827,0.8511000159,0.1156277942,-0.2363479406,-0.705892486
Lithuania,-7.2431541201,-1.8735817554,-0.8519837563,-1.9572994972,-0.9585062851,0.632142763,0.1765883989,-0.0434107893,-0.3750621502,0.6677323664,0.9626788117,-1.4794603384,-0.2153432539,1.3960003075,0.2712545745,2.6172750269,-0.11029062,0.9241991037,0.3831517121,0.6114889514,-1.0212111693,-1.0008601151,0.8856767513,-0.4347916194,-0.1185328246,0.0243515008,-0.3210174553,0.886293489,-0.6326624951,0.0923150297
Luxembourg,-10.3160832051,1.1400730969,4.5913495209,-0.9660871353,2.048083733,-0.9075048878,1.9237339571,-0.1164783658,2.4865818632,-0.4013797788,3.9705648392,-1.4035102767,-0.4870083609,-1.3163456792,1.6147622746,-0.8347240391,1.8509538195,2.1034821872,1.3622663502,-0.8412086078,0.3385889092,0.7413431426,-0.0251230948,-0.6620012791,0.3782702453,1.5492293424,-0.1654479488,-1.3289469176,-0.0538410763,-0.1505576196
North Macedonia,-3.0880091597,-0.4581064013,-1.7240895238,-0.8902541781,-1.2457312421,-0.2146254036,1.7157543376,1.671728284,-0.8737173304,-0.2198927711,-0.3849328831,-0.6076236615,-0.4446975805,0.3967164211,0.1026274994,0.7300559918,-1.1223736319,0.1374861606,0.0120908895,0.9703826697,-0.340285495,-0.2960309629,-1.3124684862,1.0494688433,-0.3969189418,-0.0913797897,-0.4511764864,-0.5534270022,0.1517221394,-0.211571702
Malta,-6.5436659657,-0.9199444118,2.638623339,-1.1658702348,0.5723598728,-2.6045205127,0.8204526163,-1.4423342936,1.2753453505,-0.883523557,1.2287065517,-2.7613760848,-0.9194174568,0.1463146177,-1.1869391825,-0.7736139937,1.3394204325,-0.0686240842,0.675794554,-0.7598026016,2.2650003916,-1.1677688289,-2.5583287442,0.0439623251,-0.9752279335,0.9660651535,0.2759782617,0.7488057112,-1.1697857516,-0.2016135564
Mauritania,8.5454253532,-1.2992396668,-0.4494082284,0.3922742159,-0.3033908822,2.0235069445,1.6035423293,1.2154469904,0.1049684919,0.0550039352,0.7576592458,-1.0625608963,-0.4653200652,-0.8485203487,-0.5544432355,0.4326897781,0.4085129871,0.1452322445,-0.1701924982,-1.2242595999,0.8934466688,0.0288959856,-0.6748823518,-0.7706954179,0.1234434443,-1.8505540504,0.2932218467,-0.1864387624,0.6759491393,-1.2726304767
Moldova,-2.0926587944,-1.794686445,-1.1071110366,0.8416436536,-0.7510514009,-1.382649085,-0.0194461338,0.0241037894,-1.0805138265,1.9369638779,-0.1698224172,0.7532038852,1.023787477,0.3347759397,0.7402095843,0.3765646672,0.3743922824,1.3860790776,-0.6432160583,0.2258351167,0.3994079289,0.8162485613,-0.6402518917,-0.8032599048,-0.014962465,0.1700745974,-0.7349379844,0.2036793677,-1.2144836602,1.0784105968
Montenegro,-4.5526481833,-1.3299115258,-2.4728155038,-2.1097097262,0.4778761301,0.4581298074,1.7181660407,-0.8390581521,-0.5529060174,0.3623509824,0.6265370383,-0.2437684309,-0.8827298403,-0.3822279607,-0.254975431,0.8041501767,-0.0824846602,-0.3741891342,0.1397499762,0.50133213,0.1052195969,-0.1799075599,-0.2322559845,-0.2543919749,0.2931464396,0.1883981852,0.7204240066,0.7192147566,0.4131886828,0.0936621709
Netherlands,-10.0356647327,-0.7036148072,2.0245710796,-0.0683222906,0.1134834228,-0.027242018,-1.1354169194,0.8680859516,0.2061650012,1.3412248925,-0.7227961169,-0.5800552143,-0.7970555843,1.4786743528,0.5770195424,-1.2051070563,-1.008480782,-0.8281972107,-1.0724823656,0.2912138464,-0.3413754721,-0.7812179524,0.1535663711,0.6545993119,0.4112114619,-0.0525797746,0.0768489515,-0.3777212184,-0.0928910463,-0.3806421659
New Zealand,-10.1673774206,0.019218882,1.670435825,-0.6450441542,2.4834636103,1.1942921652,-1.1288813728,0.9458527806,-0.7948358273,-0.1038178357,0.9046712046,0.4599882736,-1.4791231343,-0.7317417926,-0.1269634733,-0.1855189401,-0.5418820725,-0.1093010304,-0.0283554646,-0.7639089143,0.1755741567,-0.6084059166,-0.1728844058,0.3527181128,0.4927994925,-0.4547992974,-0.8768959511,-0.5655380962,0.6362612866,0.0406928914
Norway,-10.5444917026,-0.9019252537,2.2534884696,-0.4765253304,0.8509163557,0.6281691208,-2.2104117924,0.3777819473,-0.6485926635,0.1837869244,0.1073575875,0.1292005292,-0.2909169694,0.9607833627,1.0378645686,-0.1440663398,-0.7980003193,-0.6440634639,0.4515096137,0.0872532978,-0.2511594936,-1.6710177407,0.6568956171,-0.0037819372,0.1287343854,-1.2805038924,-0.6121093864,-0.9025730619,-0.4426529255,0.0703330507
Poland,-4.9352228954,-1.3468314759,-1.4750537099,-0.5088466416,-0.0195762855,0.3413442766,1.2439097204,-0.6077330009,-0.3140981262,-1.1337718303,0.3161142273,-0.4154625969,1.0853003603,2.1403000982,0.4352712808,1.2883053491,-0.903387574,0.3679213059,-0.1269432411,-0.1339878125,-0.3893835889,0.4184140876,0.6461922208,0.9731027586,0.5296655516,0.0817781405,0.0344066359,0.1848414334,0.4413714513,-0.2179289391
Portugal,-7.2674527994,-0.2996052742,0.5691187735,1.1374102535,0.622585882,1.3408231003,0.3810926637,1.4762963617,-0.4195768518,0.1884011942,-0.4577053586,-0.6281304235,0.3907618233,-0.6457472295,-0.4498525856,-0.2582296784,0.6429179066,0.2338413484,-0.3956447719,-0.1805532768,-1.2801287049,0.8084097875,0.3853826426,0.2452659538,0.0277381997,1.2043385166,1.023145147,0.1822263703,0.0102746265,0.8175472798
Romania,-3.6322805092,-1.9702754761,-1.9381285592,-0.1101983182,-0.9994851467,-0.2086400498,-0.0689664105,-0.1843819522,-1.5611251175,1.4004930367,1.7044165792,0.6139418026,-0.3140238447,0.1297633057,-1.3189510915,-0.4794635086,0.5025783359,-0.0688416863,-0.4881787975,0.6445051985,1.2330818636,0.1046721365,0.1747735532,-1.0819212124,0.637602114,0.088381086,-0.2182463312,0.0800885901,0.1262027285,0.1829869805
Republic of Serbia,-2.7534448136,-0.7273472777,-3.2482923883,-0.6640150308,-0.5718389081,2.0387126029,3.3201249191,-0.810712591,-1.2147757272,1.5276989911,-0.3238481142,-0.675885352,-0.7285949954,-0.477855978,0.2362711992,1.8210252112,-0.5264853142,0.9076565963,1.1331871467,1.433436182,-0.5596157612,-0.4988063318,-0.4094148038,1.1045346262,-1.591921038,-0.1205275264,0.5660096143,0.2621014158,-0.6105638166,-0.4305687081
Slovakia,-5.3591203228,-3.3033521261,-1.5086055335,-2.250236899,-0.7934079865,-0.4732013912,0.9608238154,-1.0766361075,-0.464253073,-0.8632259528,0.4175117861,-0.2398592013,0.6241807625,2.1271131073,-0.0201065075,-0.2590876842,0.0011542656,-1.1938343906,0.3027193619,1.0988321679,0.2490909789,-0.6475954269,-0.4123879071,0.9348705259,0.8510585389,-0.3323958725,0.4507946989,-0.4041357838,0.0591529666,-0.7331055456
Slovenia,-7.3212897575,-2.0713121421,0.3960490585,-0.3739913618,1.1448721822,-0.9027545689,0.0153106724,-0.8021356272,-0.4514185763,0.4780700522,-0.9474811529,-0.948981245,0.2501335918,0.7751005001,0.1597036811,0.0937469091,-0.6084886472,0.2255499493,-0.8469541575,-0.5528569266,-1.6851243285,0.2214039143,0.1644783274,0.5267260051,-0.0844787714,-0.3434721903,0.4277524905,0.0413641116,-0.2573701147,-0.5798113894
Spain,-8.0821442975,-0.473914277,-0.0885903041,0.6621242409,1.071632618,2.7670638252,1.0114477691,1.4547490606,0.2848703531,-0.1407795615,-0.0810348147,-0.6053326653,-0.6497676875,-0.5239409317,0.2978995026,-0.6816895921,0.4269930781,0.3823952843,-0.9186532759,0.4429580094,-0.4178166127,0.392720978,0.8080319647,0.9882527682,-0.5651935401,0.0205084654,0.0422911998,-0.514500809,-0.8099758649,0.2377897455
eSwatini,6.6473223367,0.2705841894,0.0741986278,-1.052302491,2.2718050635,-0.012573312,0.244846217,-0.8504644159,-2.2755046712,-0.3140216513,0.8043416885,-1.9728307302,-0.0303852269,1.7369642652,-0.5364965709,-1.4832911691,0.1809117748,0.8779374489,-0.8788786201,-0.538191618,2.8919977636,-0.4862623516,1.7576223271,-0.4073318729,0.4318786357,0.3668925665,-0.8526341174,0.8334699393,1.4281645517,-0.3217945916
Sweden,-10.4912303488,-1.6497368222,2.2497789375,-0.6986513545,-0.2065409228,0.0998157428,-1.2454710072,0.6476556691,-0.0117325752,-0.0212807314,-0.1996796022,0.018758301,-0.0264737979,0.430897359,-0.0421610594,-0.6288795711,-0.6208665719,-1.0709260799,0.1270432718,0.337726751,0.520554576,-0.1994253649,0.9826224504,-0.1583902958,0.6409124563,0.2437396304,1.125905723,-0.191863756,0.5303869444,-0.5232975313
Switzerland,-10.2024835837,-0.150774781,1.6749999337,-1.0968947189,1.3529967458,0.6276495752,-0.4891729983,-0.0328620804,-0.380744531,-0.7177786381,0.3952544739,0.372343456,-0.6915794767,0.2425544703,0.2612218736,-1.3049112108,-1.7234501099,-0.4678781145,-0.3918124787,-0.4680506917,-1.6783623505,-0.5834261844,0.0113773224,0.0757037989,1.2180130315,-0.4926008576,-0.2686452501,-0.3486774826,0.9196659691,0.7019568332
Maldives,5.3664322571,0.2558515407,-0.964256013,-3.6401979042,-2.5498869246,2.8162080573,-7.2453300068,-3.5420687202,-3.0507492884,-1.743478121,-0.4773502599,-0.2125920524,-3.2350300887,-2.5932740434,1.9210967248,2.3390535828,1.7179327418,0.2969105985,-0.6795331791,-0.5780083077,0.1188926089,1.5565289338,-0.1028295096,-0.7705289537,0.0544540999,1.7492822596,-1.6137758313,-0.0380347702,-0.8697843245,-1.141691839
Djibouti,3.6395257477,5.1841506447,-0.8724188807,-7.6416411419,0.9952228843,-1.6380155148,4.3424180998,1.2731619913,-0.2497308355,-2.6295118142,1.9058964968,-1.5969759752,2.357098084,-2.6088706604,-0.0432383675,0.374648218,1.015209905,-2.6650109277,-1.064832044,0.7008392422,-1.4857452537,-0.0412234643,0.937096565,0.2064074551,0.4683260797,-0.0070405409,-0.0363479568,1.0787908124,-0.708198802,1.5800851161
Kosovo,3.3856763378,-2.060610772,-0.2949559944,-3.5773995512,-0.4311150292,1.2616009968,-1.9498455124,0.1981237109,0.6780316392,-0.4342747938,-2.1495163008,-2.2436109995,-3.6467523826,0.9209346287,1.6390017393,-1.1211354355,-1.0691968921,-3.2639730345,2.8527178242,1.5084983867,-0.5232860994,2.8388434965,0.5797035103,-1.9616558783,-3.017713992,-0.0050117916,0.7917646334,-0.8692214932,-0.0593450324,-1.1056846189
West Bank and Gaza,4.5288452533,0.4646813674,-3.9160744152,-6.4024393113,-1.5385107703,2.5080265061,-2.8890454389,0.6494176962,1.4245013685,1.0165865772,-2.7156316285,-0.521882158,-2.9369617091,-0.5926759229,1.0312577303,-2.1675422605,0.1158206939,0.0318599544,0.1193160487,1.2416116758,2.4753535529,1.9292272788,-0.5877173729,-0.4656133365,1.3333646032,0.7687906631,0.4537597494,0.5787216539,-0.831742387,0.5479041156
Turkmenistan,4.379813653,8.3080127001,1.8147942699,-6.4106769112,-2.4629052819,3.4995490612,0.8982646497,-2.314914601,-2.3696236704,-0.7352651135,-0.0242473367,1.4774479063,0.6173933761,2.4383549045,2.6171381779,1.7569495379,3.1524505398,-0.4656930189,-1.2502681543,-1.8758771064,-0.9200245623,-2.567183239,-0.7541114767,-0.0737948412,0.841081499,1.3804947012,1.0058973595,-0.5396764715,-0.3353364793,-0.9629138403
